TIMESTAMP_START,TIMESTAMP_END,LE,H,TA_F,VPD_F,SW_IN_F,NETRAD,G_F_MDS,USTAR,NEE_VUT_REF,WS_F,WD,SWC_F_MDS,P_F
202606010000,202606010030,10.0,-2.0,10.685084207398418,3.2137163985071227,0.0,-45.0,-3.6,0.18,2.5,1.6,220.0,26.0,0.0
202606010030,202606010100,10.443530514039812,-2.030560218660155,10.326667563398384,3.1377574257654652,0.0,-45.0,-3.6,0.18596007992385183,2.562337366692614,1.6635487464562093,222.64553252543678,25.988,0.0
202606010100,202606010130,10.881590973824489,-2.121618256664248,10.116996247635706,3.094057611259162,0.0,-45.0,-3.6,0.1916825502692595,2.6237019796272616,1.7265726582664933,225.28191359837382,25.976,0.0
202606010130,202606010200,11.30877878718461,-2.2713189449774998,10.06,3.0822713182835413,0.0,-45.0,-3.6,0.19693927420185106,2.6831362645430237,1.788551235274919,227.90002342310703,25.964,0.0
202606010200,202606010230,11.719825454113423,-2.4766123597542915,10.156996247635707,3.102352885072232,0.0,-45.0,-3.6,0.20152068272698567,2.7397127693021015,1.8489726105079725,230.4908054080165,25.952,0.0
202606010230,202606010300,12.109661543087462,-2.73331595989791,10.406667563398385,3.154573533479445,0.0,-45.0,-3.6,0.20524412954423688,2.792548636470231,1.9073377775674925,233.04529749421832,25.94,0.0
202606010300,202606010330,12.473479212278948,-3.036199799974197,10.80508420739842,3.2395065837838777,0.0,-45.0,-3.6,0.20796117257901678,2.8408193800116672,1.9631647118110391,235.5546631572082,25.928,0.0
202606010330,202606010400,12.806791504586942,-3.3790930823955807,11.345771365940053,3.357980085880585,0.0,-45.0,-3.6,0.2095634918996538,2.8837717511180134,2.0159923512838027,238.01022197425516,25.916,0.0
202606010400,202606010430,13.105487685202641,-3.7550098780367964,12.019819937378884,3.51099489787887,0.0,-45.0,-3.6,0.20998720809124516,2.9207354924039484,2.0653844045244423,240.40347965180632,25.904,0.0
202606010430,202606010500,13.365883939231587,-4.156291453915965,12.816038969321072,3.6996057386356815,0.0,-45.0,-3.6,0.20921542892634584,2.9511337970495477,2.1109329537970516,242.72615740903206,25.892,0.0
202606010500,202606010530,13.584768804119825,-4.574762308230978,13.721147138921513,3.9247631872599236,0.0,-45.0,-3.6,0.20727892280477045,2.9744923096777933,2.15226182399098,244.97022061586708,25.880000000000003,0.0
202606010530,202606010600,13.759442776566761,-5.00189673377466,14.72,4.187116335971675,0.0,-45.0,-3.6,0.2042548921145877,2.990446528511578,2.1890296893655274,247.12790658648294,25.868000000000002,0.0
202606010600,202606010630,52.33188343342187,22.97358987622798,15.795849108714192,5.306678120423501,110.94726338704383,30.444139103189812,2.435531128255185,0.2237586100161438,2.1934855711015113,2.2209328924816196,249.19175143204836,25.856,0.0
202606010630,202606010700,85.15832826356775,43.021536398451595,16.930628594077316,6.570690191457657,219.99618833714263,104.597408069257,8.36779264554056,0.24205246927309765,0.9110752192447085,2.247707952039544,251.15461587988776,25.844,0.0
202606010700,202606010730,116.8054916041173,62.380282088696624,18.105264270019536,7.977065108144017,325.28091751032633,176.19102390702193,14.095281912561754,0.2589326623303933,-0.33484135021392947,2.269133738911092,253.00970996972464,25.832,0.0
202606010730,202606010800,146.73203183100705,80.7199022860197,19.3,9.51514702987029,424.99999999999994,244.0,19.52,0.274233600241796,-1.5229571091951521,2.285033302394738,254.7506165415799,25.82,0.0
202606010800,202606010830,174.42581201290847,97.72782684942717,20.494735729980466,11.16387830059519,517.4472146574126,306.8641059670406,24.549128477363247,0.28782583291874225,-2.632965576674365,2.2952753316112506,256.3713134340755,25.808000000000003,0.0
202606010830,202606010900,199.4126637709641,113.11416334491474,21.669371405922686,12.89047698350762,601.0407640085654,363.7077195258245,29.09661756206596,0.2996129875527736,-3.6459079169562485,2.299775239970378,257.86619431635535,25.796000000000003,0.0
202606010900,202606010930,221.26450437927096,126.61663441047033,22.804150891285808,14.649958373009275,674.3503392475499,413.55823068833394,33.084658455066716,0.3095279879535768,-4.54449680446839,2.298495863752268,259.23008808156084,25.784000000000002,0.0
202606010930,202606011000,239.6066681715787,138.00504528335912,23.88,16.385810890385336,736.1215932167728,455.5626833874055,36.44501467099244,0.31752883595291737,-5.313411521867749,2.2914477690341735,260.4582767347752,25.772000000000002,0.0
202606011000,202606011030,,147.0852054587946,24.878852861078485,18.032048300344577,785.2976026345938,489.00236979152385,39.12018958332191,0.32359424099279377,-5.93955925306089,2.2786891644276266,261.54651171355874,25.759999999999998,0.0
202606011030,202606011100,,153.70223772644118,25.78396103067893,19.51670405927298,821.0369523457081,513.3051275950816,41.06441020760653,0.3277193755596246,-6.4122981135856385,2.260325420346752,262.4910285846183,25.747999999999998,0.0
202606011100,202606011130,,157.74321824364057,26.580180062621118,20.7666239689554,842.7281321677389,528.0551298740625,42.244410389925,0.32991201283060034,-6.723618117711938,2.2365081987779774,263.2885600657724,25.736000000000004,0.0
202606011130,202606011200,272.5850549055018,159.1391026750566,27.25422863405995,21.713181145940123,850.0,533.0,42.64,0.33018926989099606,-6.86827700331829,2.207434200738176,263.93634732816656,25.724000000000004,0.0
202606011200,202606011230,270.0182358589292,157.86590556457494,27.794915792601582,22.29832651974672,842.7281321677389,528.0551298740625,42.244410389925,0.3285751367822106,-6.843888609708171,2.1733435417656994,264.4321495396413,25.712000000000003,0.0
202606011230,202606011300,263.09891231159224,153.9451128007402,28.193332436601615,22.480246709742573,821.0369523457081,513.3051275950816,41.06441020760653,0.3250989204921381,-6.650962316776009,2.1345177688607464,264.7742516162413,25.7,0.0
202606011300,202606011330,251.94353755179037,147.4433200762065,28.443003752364294,22.23786960932497,785.2976026345938,489.00236979152385,39.12018958332191,0.31979467618042706,-6.292892892377922,2.091277535252715,264.96147015505096,25.688,0.0
202606011330,202606011400,236.74096101611778,138.47110340320825,28.54,21.5735573009203,736.1215932167729,455.5626833874056,36.44501467099245,0.31270163805451934,-5.775900944045398,2.0439799521980957,264.99315752783343,25.676,0.0
202606011400,202606011430,217.74922196199617,127.18114080738933,28.483003752364294,20.51354956067867,674.3503392475499,413.55823068833394,33.084658455066716,0.3038656021162527,-5.108925016757161,1.9930156396798133,264.8692041213127,25.664000000000005,0.0
202606011430,202606011500,195.29116000989453,113.76561705962041,28.273332436601613,19.106033999159123,601.0407640085655,363.70771952582453,29.096617562065962,0.29334115523116583,-4.30346720588128,1.9388055003656142,264.5900387163489,25.652,0.0
202606011500,202606011530,169.7489173435432,98.4529555032739,27.914915792601583,17.417063510556364,517.4472146574127,306.86410596704064,24.54912847736325,0.28119459227560195,-3.3733949494583806,1.8817972434686476,264.15662700469557,25.64,0.0
202606011530,202606011600,141.55742631543234,81.50393248552861,27.41422863405995,15.524851794145436,424.99999999999994,244.0,19.52,0.26750731791547505,-2.334702413118867,1.8224616872188837,263.57046824846856,25.628,0.0
202606011600,202606011630,111.196993563786,63.20724041097897,26.780180062621117,13.51319381654914,325.2809175103264,176.19102390702196,14.095281912561758,0.252379493971231,-1.205235571304863,1.7612888704824172,262.8335900938841,25.616,0.0
202606011630,202606011700,79.18510720903056,43.87457482540619,26.02396103067893,11.464841962593635,219.99618833714285,104.59740806925714,8.367792645540572,0.23593366902385512,-0.004385708304203706,1.6987840056419072,261.94854155720446,25.604,0.0
202606011700,202606011730,46.06760699793503,23.83532904728601,25.158852861078486,9.455611716626418,110.94726338704419,30.444139103190054,2.4355311282552043,0.2183181151337676,1.2472433986851883,1.6354633061623947,260.91838420715567,25.592000000000002,0.0
202606011730,202606011800,32.28136817442901,15.850986556389678,24.2,7.549814545639983,1.0409497792752503e-13,-44.99999999999993,-3.5999999999999943,0.19970959796156368,2.5281889038495176,1.5718497233016828,259.7466815743183,25.580000000000002,0.0
202606011800,202606011830,6.972790018768287,-3.748111098852945,23.164150891285807,7.093630965500869,0.0,-45.0,-3.6,0.20381003591547459,2.0112349411674515,1.5084686271748173,258.4374868241269,25.568,0.0
202606011830,202606011900,6.701546392108053,-3.3727140864670884,22.069371405922688,6.637827963283584,0.0,-45.0,-3.6,0.2069612428743488,2.0019079937567605,1.4458434678417782,256.9953287361199,25.556,0.0
202606011900,202606011930,6.470982537463669,-3.030470549641333,20.93473572998047,6.192632208661809,0.0,-45.0,-3.6,0.2090375901609446,2.000353605512311,1.3844914522524647,255.42519603794008,25.544,0.0
202606011930,202606012000,6.283941994916953,-2.7283531799226295,19.78,5.766565185825458,0.0,-45.0,-3.6,0.20995630036123814,2.0065960321427796,1.324919272752112,253.7325201482783,25.532,0.0
202606012000,202606012030,6.142731532284888,-2.4725171592307307,18.625264270019535,5.366359436644776,0.0,-45.0,-3.6,0.20968074739870146,2.020537862668431,1.2676189224244325,251.9231563884555,25.52,0.0
202606012030,202606012100,6.049092695791556,-2.268174757387966,17.490628594077315,4.997010441676321,0.0,-45.0,-3.6,0.2082219167003932,2.041961539486878,1.2130636318326184,250.0033637276372,25.508000000000003,0.0
202606012100,202606012130,6.004180331608287,-2.119489140048902,16.395849108714195,4.661932968826031,0.0,-45.0,-3.6,0.2056379672426484,2.070532753286704,1.161703960715733,247.97978313174457,25.496000000000002,0.0
202606012130,202606012200,6.008548343155548,-2.029489550531876,15.360000000000003,4.363187694113865,0.0,-45.0,-3.6,0.20203191293622338,2.105805659832452,1.1139640769182837,245.85941459095912,25.484,0.0
202606012200,202606012230,6.062142859821523,-2.0000095935935303,14.401147138921514,4.101745460011774,0.0,-45.0,-3.6,0.19754751578675284,2.147229837214804,1.0702382532844505,243.64959290528662,25.472,0.0
202606012230,202606012300,6.164302901347446,-2.031649878520617,13.536038969321076,3.8777612985875534,0.0,-45.0,-3.6,0.19236355455725268,2.194158875000384,1.0308876114483232,241.357962311944,25.46,0.0
202606012300,202606012330,6.313768529685845,-2.123765782629241,12.779819937378885,3.6908368012463684,0.0,-45.0,-3.6,0.18668669742300742,2.2458604612503708,0.9962371394124467,238.9924500423375,25.447999999999997,0.0
202606012330,202606020000,6.508696387794965,-2.2744805844716454,12.145771365940051,3.540256218014541,0.0,-45.0,-3.6,0.18074326276360073,2.3015278100033765,0.9665730075458087,236.56123890010497,25.436000000000003,0.0
202606020000,202606020030,6.74668243372968,-2.480723699181411,11.645084207398419,3.4251878042401716,0.0,-45.0,-3.6,0.1747701965633106,2.360292250900537,0.9421402051678387,234.07273895507956,25.424000000000003,0.0
202606020030,202606020100,7.024791589649754,-2.7382932369700863,11.286667563398385,3.3448467806207565,0.0,-45.0,-3.6,0.16900562612244213,2.4212367844959286,0.9231405172373297,231.53555845109264,25.412000000000003,0.0
202606020100,202606020130,7.33959394008471,-3.0419416102409915,11.076996247635707,3.2986195764201693,0.0,-45.0,-3.6,0.1636793666733189,2.483410391726222,0.9097308578563493,228.9584740282506,25.4,0.0
202606020130,202606020200,7.687207033022764,-3.3854824452054855,11.02,3.286150812814057,0.0,-45.0,-3.6,0.15900375937219371,2.5458428742450887,0.9020219743523535,226.35040036269402,25.387999999999998,0.0
202606020200,202606020230,8.063343762125168,-3.7619166198401004,11.116996247635708,3.3073949712343556,0.0,-45.0,-3.6,0.15516520592743038,2.607559994043908,0.9000775326411931,223.72035932886092,25.375999999999998,0.0
202606020230,202606020300,8.463365239535488,-4.16357486035284,11.366667563398385,3.362634206057665,0.0,-45.0,-3.6,0.1523167373516158,2.6675986761100425,0.9039135914247919,221.0774487909288,25.364000000000004,0.0
202606020300,202606020330,8.882338007204297,-4.58227399097256,11.76508420739842,3.452462677853794,0.0,-45.0,-3.6,0.15057191309800524,2.7250220368903086,0.9134984695659807,218.43081113139212,25.352000000000004,0.0
202606020330,202606020400,9.315094881143064,-5.009483653709553,12.305771365940052,3.577736497368291,0.0,-45.0,-3.6,0.1500002938034789,2.77893400404547,0.9287530077358032,215.78960162564155,25.34,0.0
202606020400,202606020430,9.756298678216039,-5.436500101425841,12.979819937378885,3.739487282897408,0.0,-45.0,-3.6,0.15062466812546046,2.8284932993593945,0.9495512221724142,213.16295677194407,25.328,0.0
202606020430,202606020500,10.20050803952869,-5.854623523445624,13.776038969321073,3.9387968475752855,0.0,-45.0,-3.6,0.15242014423005973,2.8729265666042436,0.9757213451523189,210.55996268637696,25.316,0.0
202606020500,202606020530,10.642244538614072,-6.255335290966338,14.681147138921514,4.176631039648227,0.0,-45.0,-3.6,0.15531514215093872,2.9115404395057527,1.0070472435809419,207.9896236720445,25.304,0.0
202606020530,202606020600,11.076060246772837,-6.630471511164554,15.68,4.453632604580507,0.0,-45.0,-3.6,0.1591942474566863,2.9437323614920374,1.0432702039867054,205.46083107130286,25.292,0.0
202606020600,202606020630,49.9407367502535,21.430193038384516,16.75584910871419,5.6415076821889665,110.94726338704383,30.444139103189812,2.435531128255185,0.18739752705959623,2.1637380661868537,1.0840910691767607,202.9823325087399,25.28,0.0
202606020630,202606020700,83.08890739823296,41.59476186338382,17.890628594077313,6.981474973362772,219.99618833714263,104.597408069257,8.36779264554056,0.21584054965134886,0.8987585762998157,1.129172708908214,200.5627016313049,25.268,0.0
202606020700,202606020730,115.08331868880714,61.09919821758481,19.065264270019533,8.471066562786277,325.28091751032633,176.19102390702193,14.095281912561754,0.24391489256226687,-0.3295349340953099,1.178142804170138,198.21030845026365,25.256,0.0
202606020730,202606020800,145.37834639487514,79.61060921434597,20.26,10.098769971097035,424.99999999999994,244.0,19.52,0.2710086914166341,-1.5001104388617745,1.2305969220816195,195.9332903875719,25.244,0.0
202606020800,202606020830,173.4573090353207,96.81292473641055,21.454735729980467,11.842119501508295,517.4472146574126,306.8641059670406,24.549128477363247,0.29652235197461585,-2.5929351667755154,1.2861018560109532,193.73952412682416,25.232,0.0
202606020830,202606020900,198.84128778260313,112.41229192963951,22.629371405922686,13.666330652130672,601.0407640085654,363.7077195258245,29.09661756206596,0.31988423171837777,-3.5893184286498805,1.3441992033307013,191.63659836615125,25.220000000000002,0.0
202606020900,202606020930,221.09730215044345,126.14209325555123,23.76415089128581,15.523824876167094,674.3503392475499,413.55823068833394,33.084658455066716,0.34056580669363906,-4.472231297792681,1.404409151260752,189.63178756732006,25.208000000000002,0.0
202606020930,202606021000,239.84570180451732,137.76750244310122,24.84,17.354966939068632,736.1215932167728,455.5626833874055,36.44501467099244,0.3580958493797724,-5.226597675884548,1.466234439532961,187.73202679184283,25.196,0.0
202606021000,202606021030,254.76664822502102,147.08950050729084,25.838852861078486,19.090243492341074,785.2976026345938,489.00236979152385,39.12018958332191,0.3720731702977265,-5.8395517688011225,1.5291644671506281,185.94388771114325,25.184,0.0
202606021030,202606021100,265.6055754939335,153.94828315861076,26.74396103067893,20.653947693410753,821.0369523457081,513.3051275950816,41.06441020760653,0.38217751881535544,-6.30065757439281,1.5926795093260184,184.27355587376493,25.172,0.0
202606021100,202606021130,272.17753691616144,,27.540180062621115,21.9692157602875,842.7281321677389,528.0551298740625,42.244410389925,0.38817829571813195,-6.602086636861008,1.6562550097691973,182.72680930826047,25.16,0.0
202606021130,202606021200,274.37036321456236,,28.21422863405995,22.964019672878955,850.0,533.0,42.64,0.38994079958149086,-6.73875103892068,1.719365912879145,181.3089985357772,25.148000000000003,0.0
202606021200,202606021230,272.14657833887946,158.78803305911802,28.754915792601583,23.577501488456143,842.7281321677389,528.0551298740625,42.244410389925,0.38742980834376417,-6.708389371117225,1.7814910000585673,180.02502806148124,25.136000000000003,0.0
202606021230,202606021300,265.54404015097447,155.06089621766586,29.153332436601616,23.76588875731489,821.0369523457081,513.3051275950816,41.06441020760653,0.3807103838962474,-6.511604224291047,1.842117194339763,178.8793394088442,25.124000000000002,0.0
202606021300,202606021330,254.67529503071876,148.73002702538233,29.403003752364295,23.507199046744837,785.2976026345938,489.00236979152385,39.12018958332191,0.36994587787329114,-6.151850582422651,1.900743797770629,177.87589575548088,25.112000000000002,0.0
202606021330,202606021400,239.7256574162571,139.90251918748868,29.5,22.804046110275372,736.1215932167729,455.5626833874056,36.44501467099245,0.3553932078859125,-5.6353753346938475,1.9568866265651856,177.01816822368585,25.1,0.0
202606021400,202606021430,220.9500470736155,128.72810250720025,29.443003752364294,21.68409381247198,674.3503392475499,413.55823068833394,33.084658455066716,0.3373955619180363,-4.971108963143256,2.010082009867361,176.30912387309246,25.088,0.0
202606021430,202606021500,198.66863811155525,115.39660768309172,29.233332436601614,20.198029866068524,601.0407640085655,363.70771952582453,29.096617562065962,0.3163727713159496,-4.170511281427892,2.0598906191031525,175.75121543699066,25.075999999999997,0.0
202606021500,202606021530,173.2613940554974,100.13474609701497,28.87491579260158,18.415290234128786,517.4472146574127,306.86410596704064,24.54912847736325,0.29280966679055304,-3.2473738868983455,2.1059010962954154,175.3463728378074,25.064000000000004,0.0
202606021530,202606021600,145.16158232237677,83.20225912401591,28.374228634059946,16.41808784287971,424.99999999999994,244.0,19.52,0.2672427944931695,-2.2175827289845986,2.1477334513758533,175.09599651109988,25.052000000000003,0.0
202606021600,202606021630,114.84837887123803,64.88750227192679,27.740180062621118,14.294524381759581,325.2809175103264,176.19102390702196,14.095281912561758,0.24024591832576422,-1.0988448790955836,2.1850422004365813,175.00095256115483,25.040000000000003,0.0
202606021630,202606021700,82.83868934435097,45.50253912889663,26.98396103067893,12.13165173639166,219.99618833714285,104.59740806925714,8.367792645540572,0.2124147685264998,0.08961580081144849,2.2175192190031585,175.0615697649519,25.028,0.0
202606021700,202606021730,49.67832639504398,25.37782849659532,26.118852861078487,10.009291030303586,110.94726338704419,30.444139103190054,2.4355311282552043,0.18435151412917095,1.3273888625970822,2.244896286764554,175.27763843485513,25.016,0.0
202606021730,202606021800,35.80469389266506,17.276595071215162,25.16,7.995234526886874,1.0409497792752503e-13,-44.99999999999993,-3.5999999999999943,0.15664943764397107,2.5932276793986526,2.266947302743703,175.6484111439664,25.003999999999998,0.0
202606021800,202606021830,10.365268942218997,-2.4684381238025237,24.124150891285808,7.5155636090497495,0.0,-45.0,-3.6,0.15337298899255486,2.060152120014165,2.2834901526140587,176.17260531163205,24.992,0.0
202606021830,202606021900,9.921339136146543,-2.2650480418124133,23.02937140592269,7.036081186559193,0.0,-45.0,-3.6,0.1511580752436133,2.0339402396859234,2.2943882127404054,176.84840764015877,24.980000000000004,2.0
202606021900,202606021930,9.47837945316464,-2.1173784464004552,21.894735729980468,6.5675378057276115,0.0,-45.0,-3.6,0.15009299801875212,2.0150010660396607,2.29955147852239,177.67348038739095,24.968,0.0
202606021930,202606022000,9.041852907478736,-2.0284378809834838,20.74,6.118907813201152,0.0,-45.0,-3.6,0.150220218585881,2.0036301385457564,2.2989373077220514,178.64496945345167,24.956,0.0
202606022000,202606022030,8.61714317352186,-2.000038374312763,19.585264270019536,5.697298569941043,0.0,-45.0,-3.6,0.15153466506245628,2.0000048967246484,2.292550772636367,179.7595142536736,24.944,0.0
202606022030,202606022100,8.209488189189816,-2.0327585231440928,18.450628594077315,5.308001392027343,0.0,-45.0,-3.6,0.15398393461543256,2.0041819112624606,2.2804446182063045,181.01325934356672,24.932000000000002,0.0
202606022100,202606022130,7.823915556442521,-2.1259317042088877,17.355849108714192,4.9546520187427925,0.0,-45.0,-3.6,0.1574703825968497,2.016096001244369,2.262718826408348,182.40186775561068,24.92,0.0
202606022130,202606022200,7.46518053597492,-2.2776596556494115,16.320000000000004,4.639465140820375,0.0,-45.0,-3.6,0.16185501532781146,2.0355612512809778,2.239519790526092,183.92053600173588,24.908,0.0
202606022200,202606022230,7.13770740066804,-2.484851151217078,15.361147138921513,4.3635090239280085,0.0,-45.0,-3.6,0.1669630313378431,2.062273912655786,2.2110391061214014,185.56401068959747,24.896,0.0
202606022230,202606022300,6.845534871107104,-2.7432849793058427,14.496038969321075,4.126991113221713,0.0,-45.0,-3.6,0.17259079014790138,2.0958171432223205,2.177511988690234,187.32660669516235,24.884,0.0
202606022300,202606022330,6.592266306109533,-3.047695943718651,13.739819937378886,3.9295321479134655,0.0,-45.0,-3.6,0.17851393077364897,2.135667512086415,2.1392153310713513,189.20222682874711,24.872,0.0
202606022330,202606030000,6.381025262562175,-3.3918821340321683,13.105771365940052,3.77041335368274,0.0,-45.0,-3.6,0.18449631628988855,2.181203167570246,2.0964654166513226,191.18438292647735,24.860000000000003,0.0
202606030000,202606030030,6.214416972647568,-3.7688312800892043,12.605084207398418,3.648787658450102,0.0,-45.0,-3.6,0.19029944786459685,2.2317135409997824,2.0496153072519663,193.2662182942089,24.848,0.0
202606030030,202606030100,6.094496213559928,-4.170863616338257,12.246667563398384,3.563850940035776,0.0,-45.0,-3.6,0.1956919729547309,2.2864104348912884,1.9990519272730416,195.4405314262724,24.836,0.0
202606030100,202606030130,6.022741965973108,-4.589788345376499,12.036996247635706,3.514972785685303,0.0,-45.0,-3.6,0.20045890860204407,2.3444403225094366,1.9451928681716275,197.6998009169938,24.824,0.0
202606030130,202606030200,6.000039173797186,-5.017070512989567,11.98,3.501788143313564,0.0,-45.0,-3.6,0.20441021212521315,2.4048976668665434,1.8884829396692298,200.03621147881586,24.812,0.0
202606030200,202606030230,6.026667830180358,-5.444004894862905,12.076996247635707,3.524251793238375,0.0,-45.0,-3.6,0.20738835752182883,2.4668390513243996,1.8293904961694487,202.44168097701865,24.8,0.0
202606030230,202606030300,6.102299524358207,-5.861893352287446,12.326667563398384,3.582657103110061,0.0,-45.0,-3.6,0.20927461553300925,2.5292979012953722,1.7684035687254627,204.90788838752064,24.788,0.0
202606030300,202606030330,6.226001491938061,-6.262222043506894,12.725084207398421,3.6776194385624263,0.0,-45.0,-3.6,0.20999378700428006,2.591299567315567,1.7060258345025328,207.42630258104833,24.776,0.0
202606030330,202606030400,6.396248118666311,-6.63683488029485,13.265771365940052,3.810023300106847,0.0,-45.0,-3.6,0.2095172008385585,2.6518765341237334,1.6427724570228417,209.98821183410365,24.764,0.0
202606030400,202606030430,6.610939755802954,-6.978099695847892,13.939819937378884,3.9809311629032247,0.0,-45.0,-3.6,0.20786385702231722,2.7100835184133203,1.5791658315471029,212.5847539646447,24.752000000000002,0.0
202606030430,202606030500,6.86742861505364,-7.279063738576464,14.736038969321072,4.191451530971281,0.0,-45.0,-3.6,0.2050996691560817,2.7650122196623195,1.515731270730904,215.20694698823448,24.740000000000002,0.0
202606030500,202606030530,7.162551423697497,-7.533595323844152,15.641147138921514,4.44256428792545,0.0,-45.0,-3.6,0.20133483668717947,2.8158054938591195,1.452992666186934,217.84572018861064,24.728,0.0
202606030530,202606030600,7.4926684371755545,-7.736508757716495,16.64,4.734903389757157,0.0,-45.0,-3.6,0.19671945160552984,2.8616707289481296,1.3914681617832938,220.4919454951982,24.716,0.0
202606030600,202606030630,46.29784015596688,20.518912404892387,17.715849108714192,5.994701452659747,110.94726338704383,30.444139103189812,2.435531128255185,0.2149322293492575,2.0966302910752947,1.3316658744111094,223.13646905902186,24.704,0.0
202606030630,202606030700,79.43143380074174,40.89680379989836,18.850628594077314,7.414570093042203,219.99618833714263,104.597408069257,8.36779264554056,0.23228702839231685,0.8476518530064455,1.274079697562683,225.77014291779196,24.692,0.0
202606030700,202606030730,111.45637564752764,60.62878255812984,20.025264270019534,8.991628343042489,325.28091751032633,176.19102390702193,14.095281912561754,0.24861747854700403,-0.36384310224658434,1.2191852223774413,228.38385664062668,24.680000000000003,0.0
202606030730,202606030800,141.8266649363953,79.37731996253089,21.22,10.71345252030843,424.99999999999994,244.0,19.52,0.2637799073817972,-1.5170846843816166,1.1674358098428754,230.96856884294561,24.668,0.0
202606030800,202606030830,170.0246919864131,96.82151480593305,22.414735729980464,12.55609015320702,517.4472146574126,306.8641059670406,24.549128477363247,0.2776503867279267,-2.5923106122397708,1.1192588465892344,233.51533846251738,24.656,0.0
202606030830,202606030900,195.5700695507105,112.66258631089765,23.589371405922687,14.482650699456132,601.0407640085654,363.7077195258245,29.09661756206596,0.2901214509602916,-3.5711048200231925,1.0750522152005326,236.0153556884713,24.644000000000002,0.0
202606030900,202606030930,218.02782661415452,126.6289925811979,24.72415089128581,16.44283505356355,674.3503392475499,413.55823068833394,33.084658455066716,0.301098758571095,-4.43671285234597,1.0351810081927733,238.4599724362829,24.632,0.0
202606030930,202606031000,237.01582475320131,138.48108687989827,25.8,18.373738245429795,736.1215932167728,455.5626833874055,36.44501467099244,0.3104979605559438,-5.174328647079559,0.9999745127978746,240.84073226331446,24.62,0.0
202606031000,202606031030,252.2112704840238,148.01523185762426,26.798852861078487,20.202160710512555,785.2976026345938,489.00236979152385,39.12018958332191,0.3182420183961955,-5.7713477973505265,0.9697234914553078,243.1493996214255,24.608,0.0
202606031030,202606031100,263.35621249329455,155.06730105415605,27.70396103067893,21.84849176116657,821.0369523457081,513.3051275950816,41.06441020760653,0.3242591819884128,-6.217582960459685,0.9446777804712235,245.3779883454631,24.596,0.0
202606031100,202606031130,270.26193001135357,159.51550741105405,28.500180062621116,23.232000321589364,842.7281321677389,528.0551298740625,42.244410389925,0.328481795283187,-6.505437732010757,0.9250442266772175,247.5187892790841,24.584,0.0
202606031130,202606031200,272.8121375528282,161.28250998584522,29.174228634059947,24.277116499516463,850.0,533.0,42.64,0.3308460466276841,-6.630036016988428,0.9109849791293814,249.5643969423455,24.572,0.0
202606031200,202606031230,270.96495149069415,160.33676235467505,29.71491579260158,24.920060654880952,842.7281321677389,528.0551298740625,42.244410389925,0.3312927241870871,-6.589304693659546,0.9026161499561246,251.50773514881476,24.560000000000002,0.0
202606031230,202606031300,264.7535851000771,156.6930791209629,30.113332436601617,25.11502593009348,821.0369523457081,513.3051275950816,41.06441020760653,0.32976897693121365,-6.384008167870765,0.9000068554145076,253.34208148358425,24.548000000000002,0.0
202606031300,202606031330,254.28576044575286,150.41241029214058,30.363003752364296,24.839088831008734,785.2976026345938,489.00236979152385,39.12018958332191,0.3262310212406909,-6.017734240824598,0.9031786450747935,255.0610905575161,24.536,0.0
202606031330,202606031400,239.74184742060663,141.6008268173733,30.46,24.095132429479442,736.1215932167729,455.5626833874056,36.44501467099245,0.3206476749694803,-5.496831548572291,0.9121053238474459,256.6588159572756,24.524,0.0
202606031400,202606031430,221.37176199623335,130.40773406519688,30.403003752364295,22.912310625155765,674.3503392475499,413.55823068833394,33.084658455066716,0.3130045474692807,-4.830299661943453,0.9267131683224189,258.1297308152234,24.512,0.0
202606031430,202606031500,199.4906769495027,117.02334323074648,30.193332436601615,21.34392145300002,601.0407640085655,363.70771952582453,29.096617562065962,0.30330866811064533,-4.029633747200176,0.9468815356340332,259.4687469280113,24.5,0.0
202606031500,202606031530,174.47361861782463,101.67544337163547,29.83491579260158,19.462930853375802,517.4472146574127,306.86410596704064,24.54912847736325,0.29159329939733397,-3.108626466446629,0.9724438598229727,260.67123235774596,24.488000000000003,0.0
202606031530,202606031600,146.74904226425875,84.62552876186778,29.334228634059947,17.355724231534943,424.99999999999994,244.0,19.52,0.27792265564153407,-2.0831305293997544,1.0031890274666608,261.73302745483466,24.476,0.0
202606031600,202606031630,116.79149607632179,66.16434731877999,28.700180062621115,15.11489759260278,325.2809175103264,176.19102390702196,14.095281912561758,0.26239623565397785,-0.9707859819834315,1.0388631212170156,262.6504592470868,24.464,0.0
202606031630,202606031700,85.11349938133036,46.6069458088665,27.943961030678928,12.831991843645465,219.99618833714285,104.59740806925714,8.367792645540572,0.24515247878205496,0.2092830791918808,1.0791715168460807,263.4203541452956,24.452,0.0
202606031700,202606031730,,26.287296203262123,27.078852861078488,10.591013594879435,110.94726338704419,30.444139103190054,2.4355311282552043,0.22637146811399744,1.4367971543904254,1.1237813164805313,264.04004892135004,24.44,0.0
202606031730,202606031800,,17.972594783258828,26.12,8.463396329931227,1.0409497792752503e-13,-44.99999999999993,-3.5999999999999943,0.2062764323943267,2.6906697048040216,1.1723240979295035,264.5073999208995,24.428,0.0
202606031800,202606031830,13.452239471872078,-2.000086341973625,25.08415089128581,7.959227168817426,0.0,-45.0,-3.6,0.2086285528347809,2.1441073288154384,1.2243989573996956,264.82079047870485,24.416,0.0
202606031830,202606031900,13.20692327768139,-2.0338861454399924,23.98937140592269,7.455036036969446,0.0,-45.0,-3.6,0.20983934321633513,2.103098538929304,1.2795758204686238,264.9791365110226,24.404,0.0
202606031900,202606031930,12.922056153474205,-2.128116007550538,22.85473572998047,6.96211958265078,0.0,-45.0,-3.6,0.20986053314734676,2.0682832635960473,1.3373989939714814,264.9818902656783,24.392,0.0
202606031930,202606032000,12.601151360628467,-2.2808561381783194,21.7,6.489924985550742,0.0,-45.0,-3.6,0.2086912778521351,2.040204783542974,1.3973909294673652,264.8290422168565,24.380000000000003,0.0
202606032000,202606032030,12.248166612473998,-2.488994689463226,20.545264270019533,6.04595174460864,0.0,-45.0,-3.6,0.20637819184952172,2.0193012540602218,1.4590561672032463,264.52112109805216,24.368000000000002,0.0
202606032030,202606032100,11.867455263881592,-2.748291154979348,19.410628594077316,5.63580149383363,0.0,-45.0,-3.6,0.2030134905790659,2.0058988677340017,1.5218854280034106,264.05919207307085,24.356,0.0
202606032100,202606032130,11.463712621411725,-3.053462763604021,18.315849108714193,5.2633425963484415,0.0,-45.0,-3.6,0.19873131406249173,2.0002067643203914,1.5853598192903522,263.44485305140324,24.344,0.0
202606032130,202606032200,11.04191803617896,-3.3982921079449566,17.280000000000005,4.930952745131706,0.0,-45.0,-3.6,0.19370237916432578,2.0023137671893863,1.6489551205005821,262.6802291607208,24.332,0.0
202606032200,202606032230,10.607273493599651,-3.775753814559824,16.321147138921514,4.639804235454011,0.0,-45.0,-3.6,0.18812717364923606,2.012186997265921,1.7121461125030462,261.76796539561286,24.32,0.0
202606032230,202606032300,10.165139457394664,-4.178157675255299,15.456038969321076,4.3901615118137665,0.0,-45.0,-3.6,0.18222796336753083,2.029672386096839,1.7744109152645011,260.7112174679951,24.308000000000003,0.0
202606032300,202606032330,9.720968759081838,-4.5973053233830194,14.699819937378885,4.181667425942138,0.0,-45.0,-3.6,0.17623993121710713,2.0544970800375735,1.8352352979380235,259.5136408908392,24.296,0.0
202606032330,202606040000,9.280239348298027,-5.024657263091203,14.065771365940051,4.013601923985509,0.0,-45.0,-3.6,0.17040180114347406,2.0862736980420125,1.8941169257786488,258.1793783329861,24.284,0.0
202606040000,202606040030,8.848386733339739,-5.451506848564979,13.565084207398417,3.8851035078830916,0.0,-45.0,-3.6,0.16494632096938278,2.124506376614162,1.9505695088117878,256.71304528878443,24.272000000000002,0.0
202606040030,202606040100,8.43073694513217,-5.869157668692942,13.206667563398385,3.7953491007477407,0.0,-45.0,-3.6,0.16009098347361098,2.1685985075921543,2.0041268179915503,255.11971411212662,24.26,0.0
202606040100,202606040130,8.03244085138075,-6.269100723217301,12.996996247635707,3.743691591297584,0.0,-45.0,-3.6,0.1560293556402116,2.2178620480190725,2.054346535680415,253.40489647011157,24.248,0.0
202606040130,202606040200,7.658410631007701,-6.643187780672806,12.94,3.7297563502307174,0.0,-45.0,-3.6,0.15292336175369442,2.271528256823172,2.1008139086500077,251.57452427703095,24.236,0.0
202606040200,202606040230,7.313259192333278,-6.983797386210274,13.036996247635706,3.7534986252498093,0.0,-45.0,-3.6,0.15089682798878443,2.3287596907651937,2.1431451734337075,249.63492917463205,24.224,0.0
202606040230,202606040300,7.001243282156219,-7.283990137147722,13.286667563398385,3.8152232775997517,0.0,-45.0,-3.6,0.1500305458515915,2.3886632724600205,2.1809907257418413,247.5928206296395,24.212,0.0
202606040300,202606040330,6.726210987368219,,13.68508420739842,3.915567227731802,0.0,-45.0,-3.6,0.15035905127721413,2.450304226550576,2.2140380077640187,245.45526272430115,24.2,0.0
202606040330,202606040400,6.491554276563946,-7.739609227810482,14.225771365940052,4.0554436614684946,0.0,-45.0,-3.6,0.15186924779099156,2.5127206665646282,2.242014089513007,243.22964972024414,24.188000000000002,0.0
202606040400,202606040430,6.300167166950331,-7.885753021511525,14.899819937378883,4.235945949820433,0.0,-45.0,-3.6,0.15450092862362014,2.574938604831476,2.2646879228914343,240.9236804801714,24.176000000000002,0.0
202606040430,202606040500,6.154410032481772,-7.973103986321506,15.696038969321073,4.458208794473654,0.0,-45.0,-3.6,0.15814917696505218,2.6359871512337945,2.2818722498654824,238.54533183587904,24.164,0.0
202606040500,202606040530,6.056080493408461,-7.999882479183912,16.60114713892151,4.723224749525368,0.0,-45.0,-3.6,0.16266854866662805,2.6949136636231894,2.293425148986409,236.10283099472014,24.152,0.0
202606040530,202606040600,6.006391246256539,-7.9655429290339,17.6,5.031616356568346,0.0,-45.0,-3.6,0.16787887064030804,2.750798613482307,2.299251207487517,233.60462707996706,24.14,0.0
202606040600,202606040630,44.45008693563116,20.531797440501403,18.675849108714193,6.367106632753666,110.94726338704383,30.444139103189812,2.435531128255185,0.19706713839073264,1.9975080126592848,2.299302309276496,231.05936190352003,24.128,0.0
202606040630,202606040700,77.24499285990021,41.15134552943003,19.810628594077315,7.870993805047601,219.99618833714263,104.597408069257,8.36779264554056,0.22610965224045068,0.7618261816426258,2.2935780323152932,228.47584007206504,24.116,0.0
202606040700,202606040730,108.95821232496411,61.119795080975756,20.985264270019535,9.53994932383595,325.28091751032633,176.19102390702193,14.095281912561754,0.2543740896951338,-0.43503288566172027,2.282125652105624,225.8629985300907,24.104,0.0
202606040730,202606040800,139.04758903770386,80.09479964531567,22.18,11.360580996121048,424.99999999999994,244.0,19.52,0.2812410079094838,-1.572527687087915,2.265039751251355,223.2298756451208,24.092000000000002,0.0
202606040800,202606040830,166.99897780719186,97.75084409132997,23.374735729980465,13.307367280843405,517.4472146574126,306.8641059670406,24.549128477363247,0.3061198576588204,-2.6311416647233923,2.242461438322289,220.585579942103,24.080000000000002,0.0
202606040830,202606040900,192.33503317225927,113.78483152812736,24.549371405922685,15.341203779135022,601.0407640085654,363.7077195258245,29.09661756206596,0.32846430432898854,-3.5927179766975117,2.214577182470574,217.93925859510867,24.068,0.0
202606040900,202606040930,214.62336568488152,127.9212896907745,25.68415089128581,17.4089390946971,674.3503392475499,413.55823068833394,33.084658455066716,0.3477863858116558,-4.440770847129792,2.1816172734243775,215.30006578533693,24.056,0.0
202606040930,202606041000,233.48392643160662,139.91710729366002,26.76,19.44424693313077,736.1215932167728,455.5626833874055,36.44501467099244,0.3636690733016148,-5.160768156321512,2.143853919577391,212.6771310348799,24.044,0.0
202606041000,202606041030,248.59549361179063,149.56571884367455,27.758852861078488,21.370076654693122,785.2976026345938,489.00236979152385,39.12018958332191,0.3757768521729558,-5.740380427973468,2.1015989998816096,210.07952762578873,24.032,0.0
202606041030,202606041100,259.7011503848387,156.70066579827923,28.66396103067893,23.102744478971502,821.0369523457081,513.3051275950816,41.06441020760653,0.38386400453525027,-6.16969194790544,2.055201488109982,207.51624121368593,24.02,0.0
202606041100,202606041130,266.6126604852383,161.198472590762,29.460180062621117,24.557489015664977,842.7281321677389,528.0551298740625,42.244410389925,0.38778035041905357,-6.441370399512668,2.0050445707613846,204.99613874449554,24.008000000000003,0.0
202606041130,202606041200,269.2136669877976,162.98078774521176,30.134228634059948,25.655053188805596,850.0,533.0,42.64,0.38747428808672457,-6.550792113842256,1.9515424824104612,202.52793778181584,23.996000000000002,0.0
202606041200,202606041230,267.46165976277285,162.01575286725222,30.67491579260158,26.328619315614223,842.7281321677389,528.0551298740625,42.244410389925,0.3829930626830791,-6.496120794470076,1.8951370846384652,200.12017635103587,23.983999999999998,0.0
202606041230,202606041300,261.3886782463171,158.31857550862222,31.073332436601614,26.5302685953812,821.0369523457081,513.3051275950816,41.06441020760653,0.3744802831181746,-6.278338376218687,1.8362942167989464,197.7811834045131,23.972,0.0
202606041300,202606041330,251.10073780491646,151.95129553818998,31.323003752364293,26.23610505304312,785.2976026345938,489.00236979152385,39.12018958332191,0.3621707964356323,-5.901227498466468,1.7754998487564548,195.51905000997837,23.96,0.0
202606041330,202606041400,236.77598982253014,143.02174847540465,31.42,25.449299642683204,736.1215932167729,455.5626833874056,36.44501467099245,0.34638311374989883,-5.371305904255917,1.7132560673719481,193.34160136183363,23.948,0.0
202606041400,202606041430,218.66164731202352,131.68174301749795,31.363003752364296,24.20056474122392,674.3503392475499,413.55823068833394,33.084658455066716,0.32750965910387464,-4.697713901365253,1.6500769298815725,191.25636971216147,23.936,0.0
202606041430,202606041500,197.06972897727715,118.12448348254568,31.153332436601616,22.545922867680478,601.0407640085655,363.70771952582453,29.096617562065962,0.30600517957207,-3.892056826809519,1.5864842184148562,189.27056831508347,23.924,0.0
202606041500,202606041530,172.37169486758043,102.58128086501918,30.794915792601582,20.562022003974747,517.4472146574127,306.86410596704064,24.54912847736325,0.2823737092829565,-2.9682052280724176,1.5230031307147465,187.39106647459977,23.912,0.0
202606041530,202606041600,144.99206572571143,85.31760843559042,30.294228634059948,18.339599345212378,424.99999999999994,244.0,19.52,0.25715451991511545,-1.9420561995017194,1.4601579426488902,185.62436578222392,23.900000000000002,0.0
202606041600,202606041630,115.40113551111601,66.62856910206874,29.660180062621116,15.975939404732287,325.2809175103264,176.19102390702196,14.095281912561758,0.23090751434928822,-0.8312599782961008,1.3984676783344545,183.976577626613,23.888,0.0
202606041630,202606041700,84.1069020825725,46.833851888918616,28.90396103067893,13.567268391451947,219.99618833714285,104.59740806925714,8.367792645540572,0.2041985278491063,0.3450835000466463,1.3384418236359785,182.45340205299067,23.876,0.0
202606041700,202606041730,51.64635438556686,26.272263713796473,28.038852861078485,11.201964802672954,110.94726338704419,30.444139103190054,2.4355311282552043,0.17758499233882066,1.5667528722648134,1.2805761184374673,181.06010804549408,23.864,0.0
202606041730,202606041800,38.44826547989171,17.71592998838546,27.08,8.955269788344593,1.0409497792752503e-13,-44.99999999999993,-3.5999999999999943,0.1516023946114512,2.8127528041854175,1.225348462439433,179.80151530065132,23.852,0.0
202606041800,202606041830,13.65178100291051,-2.493154287418914,26.04415089128581,8.425557285875495,0.0,-45.0,-3.6,0.15024663439670652,2.2564127437697454,1.1732149682939301,178.68197755503917,23.84,0.0
202606041830,202606041900,13.810259173184747,-2.7533117319724543,24.94937140592269,7.895592936896371,0.0,-45.0,-3.6,0.15007704697639057,2.203873781017678,1.1246061946738908,177.705367524794,23.828000000000003,0.0
202606041900,202606041930,13.921745482146877,-3.059242033014079,23.81473572998047,7.37724244713827,0.0,-45.0,-3.6,0.15110039326578717,2.1559557688708515,1.0799235903869517,176.87506350907364,23.816000000000003,0.0
202606041930,202606042000,13.984864971052412,-3.404712325947388,22.66,6.880446485643964,0.0,-45.0,-3.6,0.15327587567769416,2.113406451882224,1.0395361789010478,176.19393770381112,23.804,0.0
202606042000,202606042030,13.99883918832262,-3.782684178977295,21.505264270019534,6.4131146338429055,0.0,-45.0,-3.6,0.15651676459348035,2.076889797912415,1.0037775106634959,175.66434626618582,23.792,0.0
202606042030,202606042100,13.963495790174555,-4.185456990453148,20.370628594077314,5.9811738809423485,0.0,-45.0,-3.6,0.16069385599929,2.046975637133312,0.9729429083837091,175.28812116418123,23.78,0.0
202606042100,202606042130,13.879270666133994,-4.60482487691558,19.275849108714194,5.58873734478372,0.0,-45.0,-3.6,0.16564062244234753,2.0241307700188234,0.9472870280300917,175.06656383942283,23.768,0.0
202606042130,202606042200,13.747202563217346,-5.032243855491678,18.240000000000002,5.238355109035507,0.0,-45.0,-3.6,0.17115985195499225,2.008711683079607,0.9270217556843103,175.00044070521835,23.756,0.0
202606042200,202606042230,13.568920275082457,-5.459005914551593,17.281147138921515,4.931310431312548,0.0,-45.0,-3.6,0.17703151027349132,2.0009589860103016,0.9123144576223219,175.08998049537314,23.744,0.0
202606042230,202606042300,13.346622554144224,-5.876416426201509,16.416038969321075,4.667929599519201,0.0,-45.0,-3.6,0.183021512909775,2.0009936570557185,0.9032865980743638,175.334873472952,23.732,0.0
202606042300,202606042330,13.083050994398628,-6.275971286103378,15.659819937378886,4.447880740103817,0.0,-45.0,-3.6,0.18889105736128156,2.0088151551857885,0.9000127360794982,175.73427250172423,23.720000000000002,0.0
202606042330,202606050000,12.78145621939079,-6.6495301716669815,15.025771365940052,4.2704444110113835,0.0,-45.0,-3.6,0.19440614341314777,2.02430142853816,0.9025199097194602,176.2867959765857,23.708000000000002,0.0
202606050000,202606050030,12.445557792330316,-6.989482388742142,14.525084207398418,4.134745694764662,0.0,-45.0,-3.6,0.199346901988346,2.047210818996688,0.9107874128172914,176.99053260282102,23.696,0.0
202606050030,202606050100,12.07949834278174,-7.288901927936985,14.166667563398384,4.039943020607298,0.0,-45.0,-3.6,0.2035163606339488,2.077185833185511,0.9247469659449469,177.84304800767333,23.684,0.0
202606050100,202606050130,11.687792475684846,-7.541688571525551,13.956996247635708,3.9853727700786594,0.0,-45.0,-3.6,0.2067482961912432,2.113758721033615,0.9442832803275627,178.8413931613508,23.672,0.0
202606050130,202606050200,11.2752710928091,-7.742692176106226,13.9,3.970650861550373,0.0,-45.0,-3.6,0.20891386158852263,2.156358774858249,0.9692350099872329,179.9821145783398,23.66,0.0
202606050200,202606050230,10.847021813324542,-7.8878175989407,13.996996247635707,3.995733192027769,0.0,-45.0,-3.6,0.20992672256723416,2.2043212350674377,0.9993960842627496,181.26126626373664,23.648000000000003,0.0
202606050230,202606050300,10.408326228281506,-7.974108130258994,14.246667563398384,4.0609363958086835,0.0,-45.0,-3.6,0.20974649955642422,2.256897663511076,1.0345174097003351,182.67442336327233,23.636000000000003,0.0
202606050300,202606050330,9.964594762838384,-7.999805731724182,14.645084207398419,4.166919281403026,0.0,-45.0,-3.6,0.20838037747880722,2.3132676226079427,1.074308927259827,184.21669746981266,23.624000000000002,0.0
202606050330,202606050400,9.521299949580532,-7.96438685378972,15.185771365940052,4.3146239795117065,0.0,-45.0,-3.6,0.20588281931057037,2.372551477999752,1.1184420078463377,185.8827535333849,23.612,0.0
202606050400,202606050430,9.083908935869369,-7.868573102225187,15.859819937378884,4.505174734489919,0.0,-45.0,-3.6,0.20235339481438047,2.4338241249511134,1.1665521663832183,187.66682831623598,23.6,0.0
202606050430,202606050500,8.657816057607322,-7.714316536496229,16.656038969321074,4.739731857550067,0.0,-45.0,-3.6,0.19793281100715765,2.4961294242995185,1.2182420720114127,189.56275032908178,23.588,0.0
202606050500,202606050530,8.248276310985277,-7.504759899521806,17.561147138921513,5.01929907079518,0.0,-45.0,-3.6,0.19279730261533717,2.558495122687182,1.2730848295546822,191.56396117958465,23.576,0.0
202606050530,202606050600,7.8603405427042805,-7.244172589067,18.560000000000002,5.344484686351583,0.0,-45.0,-3.6,0.18715160615246676,2.619948024249512,1.3306275051497818,193.66353825920953,23.564,0.0
202606050600,202606050630,45.9429249859381,21.464718717223537,19.63584910871419,6.759601489692708,110.94726338704383,30.444139103189812,2.435531128255185,0.2047155123201052,1.8742672548105683,1.390394866924243,195.85421868998043,23.552,0.0
202606050630,202606050700,78.35830851788627,42.276810890767834,20.770628594077316,8.351801240693332,219.99618833714263,104.597408069257,8.36779264554056,0.22182874805431246,0.6481183859852783,1.4518933098283315,198.12842444830034,23.54,0.0
202606050700,202606050730,109.6782750876323,62.41487488190462,21.945264270019536,10.117271243436841,325.28091751032633,176.19102390702193,14.095281912561754,0.23833457353421167,-0.5374333470070228,1.5146149322069198,200.47828857892605,23.528000000000002,0.0
202606050730,202606050800,139.3655183832993,81.53310860456979,23.14,12.041590639598112,424.99999999999994,244.0,19.52,0.25408232466749386,-1.6620228891706,1.5780417304437504,202.89568240841828,23.516000000000002,0.0
202606050800,202606050830,166.91085271852484,99.30307885137888,24.334735729980466,14.097582842045302,517.4472146574126,306.8641059670406,24.549128477363247,0.2689247383324396,-2.706335064847405,1.6416498770355135,205.37224366392985,23.504,0.0
202606050830,202606050900,191.84194049454334,115.41936766651841,25.509371405922685,16.243817301563013,601.0407640085654,363.7077195258245,29.09661756206596,0.2827156009497732,-3.6524362070030003,1.7049140467640667,207.89940540006333,23.492,0.0
202606050900,202606050930,213.73138672169,129.60482601964293,26.644150891285808,18.424153436898123,674.3503392475499,413.55823068833394,33.084658455066716,0.29530795481495337,-4.484082024606118,1.7673117552379678,210.4684256337339,23.48,0.0
202606050930,202606051000,232.20406194425954,141.61534432078415,27.72,20.568686379111657,736.1215932167728,455.5626833874055,36.44501467099244,0.3065530641259983,-5.186996424529957,1.8283276739722423,213.07041758452462,23.468,0.0
202606051000,202606051030,246.9435281471532,151.24405757246387,28.71885286107849,22.596343647000296,785.2976026345938,489.00236979152385,39.12018958332191,0.31630029986426755,-5.749116503560909,1.8874578863691478,215.6963804159259,23.456000000000003,0.0
202606051030,202606051100,257.6974576047744,158.3249126297087,29.623961030678927,24.41919327624141,821.0369523457081,513.3051275950816,41.06441020760653,0.32439805154492324,-6.1607995073341915,1.9442140494507776,218.3372303711187,23.444000000000003,0.0
202606051100,202606051130,264.28195189858496,162.73553596594726,30.420180062621117,25.94827510513205,842.7281321677389,528.0551298740625,42.244410389925,0.3306957166371459,-6.414988206343692,1.9981274269726557,220.983832195597,23.432,0.0
202606051130,202606051200,266.5846871837511,164.39935233559268,31.09422863405995,27.100494884108045,850.0,533.0,42.64,0.33504675772114206,-6.5073318533762,2.0487527606097937,223.62703073793108,23.42,0.0
202606051200,202606051230,264.56683190435945,163.2869175767851,31.634915792601582,27.805876948830498,842.7281321677389,528.0551298740625,42.244410389925,0.3373127559248584,-6.4362606495358525,2.095671947243936,226.25768261935877,23.408,0.0
202606051230,202606051300,258.2637041960773,159.4164422896561,32.03333243660161,28.014310784376484,821.0369523457081,513.3051275950816,41.06441020760653,0.33736832964522184,-6.203012444357252,2.13849749198215,228.8666878626526,23.396,0.0
202606051300,202606051330,247.78415781444417,152.85349702479945,32.283003752364294,27.700895828299323,785.2976026345938,489.00236979152385,39.12018958332191,0.33510673271937297,-5.811611215651107,2.176875708389019,231.44502137085138,23.384,0.0
202606051330,202606051400,233.3087072162081,143.7099036844522,32.38,26.86911043221372,736.1215932167729,455.5626833874056,36.44501467099245,0.33044589860510815,-5.268797702607023,2.2104896395024896,233.98376414696605,23.372,0.0
202606051400,202606051430,215.08642402702196,132.1418318332098,32.32300375236429,25.551296459172576,674.3503392475499,413.55823068833394,33.084658455066716,0.3233346590055848,-4.583913387084802,2.2390616755093395,236.4741341466629,23.36,0.0
202606051430,202606051500,193.43065818131313,118.3471322950477,32.11333243660162,23.806319120400424,601.0407640085655,363.70771952582453,29.096617562065962,0.31375883859922526,-3.7687398188612895,2.262355846461502,238.90751665719884,23.348000000000003,0.0
202606051500,202606051530,168.71365715863328,102.56195354338169,31.754915792601583,21.714665792642542,517.4472146574127,306.86410596704064,24.54912847736325,0.3017469135182298,-2.837296047121001,2.2801797710982044,241.27549409752174,23.336000000000002,0.0
202606051530,202606051600,141.36017562037446,85.056698744597,31.25422863405995,19.371610986003265,424.99999999999994,244.0,19.52,0.2873749208413281,-1.805597639532154,2.292386245679052,243.5698751364507,23.324,0.0
202606051600,202606051630,111.84018504803366,66.1313926798576,30.620180062621117,16.879328684883443,325.2809175103264,176.19102390702196,14.095281912561758,0.2707703199475018,-0.6913814294969642,2.298874459706248,245.7827230282106,23.311999999999998,0.0
202606051630,202606051700,80.66080840299286,46.11053794894004,29.86396103067893,14.338933618157274,219.99618833714285,104.59740806925714,8.367792645540572,0.25211453385447735,0.48619927970493493,2.299590828495569,247.90638306730233,23.3,0.0
202606051700,202606051730,48.35761810398851,25.337548677494265,28.998852861078486,11.843369300805296,110.94726338704419,30.444139103190054,2.4355311282552043,0.23164393879961598,1.7069038182380811,2.2945294357200865,249.93350906773628,23.288,0.0
202606051730,202606051800,35.357446524711044,16.5888572530225,28.04,9.471857186687362,1.0409497792752503e-13,-44.99999999999993,-3.5999999999999943,0.20964912192514912,2.9497519078364487,2.2837320822717677,251.85708877503217,23.276000000000003,0.0
202606051800,202606051830,10.796998391517436,-3.789622329016889,27.00415089128581,8.915521261205576,0.0,-45.0,-3.6,0.20996700272235064,2.3881221799066017,2.2672879410374116,253.67046812307987,23.264000000000003,0.0
202606051830,202606051900,11.22672089077221,-4.192761515247372,25.90937140592269,8.358683140809918,0.0,-45.0,-3.6,0.20909019368735762,2.3282382679408054,2.2453328204400567,255.36737425195113,23.252,0.0
202606051900,202606051930,11.641314262230779,-4.6123469578811225,24.77473572998047,7.813801290301967,0.0,-45.0,-3.6,0.20705365042946428,2.271034640356594,2.2180480428280958,256.9419372070392,23.24,0.0
202606051930,202606052000,12.035665332923251,-5.039830241669178,23.62,7.291331225966184,0.0,-45.0,-3.6,0.2039385635016789,2.2174039406301715,2.185658946975239,258.3887102444644,23.228,0.0
202606052000,202606052030,12.404910577829433,-5.4665020448607695,22.465264270019535,6.7996111973131175,0.0,-45.0,-3.6,0.19986912158958728,2.168183057893516,2.148433027058818,259.7026886725049,23.216,0.0
202606052030,202606052100,12.74449610164979,-5.883669578388105,21.330628594077314,6.344909155599296,0.0,-45.0,-3.6,0.1950075605003576,2.1241400675593836,2.1066777234862046,260.87932716387616,23.204,0.0
202606052100,202606052130,13.050233801918411,-6.2828336882228815,20.23584910871419,5.931595596381678,0.0,-45.0,-3.6,0.18954769533307464,2.085962245761378,2.0607378838144044,261.91455547897255,23.192,0.0
202606052130,202606052200,13.318353020799206,-6.655862012713169,19.200000000000003,5.562402795844584,0.0,-45.0,-3.6,0.18370719368235672,2.054245344639754,2.0109929147324945,262.80479254568047,23.18,0.0
202606052200,202606052230,13.545547048544599,-6.99515466708377,18.241147138921512,5.238732244114212,0.0,-45.0,-3.6,0.17771889791824938,2.029484295828523,1.9578536486280607,263.54695884705933,23.168,0.0
202606052230,202606052300,13.72901390509038,-7.293799079529749,17.376038969321076,4.960977184006649,0.0,-45.0,-3.6,0.17182154249570777,2.012065487212837,1.9017589506159278,264.1384870740365,23.156000000000002,0.0
202606052300,202606052330,13.866490896827973,-7.545710824353815,16.619819937378885,4.728834384529016,0.0,-45.0,-3.6,0.16625023636524702,2.0022607334752722,1.8431720940509855,264.57733100626916,23.144000000000002,0.0
202606052330,202606060000,13.956282522366086,-7.7457575828860294,15.985771365940053,4.5415870599902535,0.0,-45.0,-3.6,0.16122708992101578,2.000223034518619,1.7825769344588838,264.8619725904497,23.132,0.0
